indexRAGToC,allRAGToC,start,index,end
1109.20454287529,1942.2050549983978,1704951962.332233,1704953071.5367758,1704953904.537288
