indexRAG,allRAG,start,index,end
593.7024750709534,1345.1048738956451,1704697339.317725,1704697933.0202,1704698684.4225988
