indexRAG,allRAG,start,index,end
9732.349588155746,13692.347863912582,1704676599.557956,1704686331.9075441,1704690291.90582
