indexRAG,allRAG,start,index,end
10242.821593046188,17974.2767701149,1704658624.9299479,1704668867.751541,1704676599.206718
