indexRAG,allRAG,start,index,end
4950.376610040665,5560.492915868759,1704690292.363116,1704695242.739726,1704695852.856032
