indexRAGToC,allRAGToC,start,index,end
3518.7366960048676,10696.13248205185,1704963452.027703,1704966970.764399,1704974148.160185
