indexRAGToC,allRAGToC,start,index,end
1052.871927022934,3047.4129700660706,1704948914.499553,1704949967.37148,1704951961.912523
