indexRAGToC,allRAGToC,start,index,end
1222.4045579433441,3361.0989961624146,1704926084.62537,1704927307.029928,1704929445.7243662
