indexRAG,allRAG,start,index,end
1085.1874492168427,2953.324501991272,1704655671.2557828,1704656756.443232,1704658624.5802848
