indexRAGToC,allRAGToC,start,index,end
650.4784450531006,1549.8905909061432,1704953904.813746,1704954555.292191,1704955454.704337
