indexRAG,allRAG,start,index,end
878.0404279232025,1485.7041869163513,1704695853.294073,1704696731.334501,1704697338.99826
