indexRAGToC,allRAGToC,start,index,end
560.6906900405884,2566.71000123024,1704960884.956553,1704961445.647243,1704963451.6665542
