indexRAG,allRAG,start,index,end
1607.1379959583282,2395.952589035034,1704698684.6959639,1704700291.8339598,1704701080.648553
