indexRAGToC,allRAGToC,start,index,end
836.7554988861084,5429.724309206009,1704955454.919643,1704956291.6751418,1704960884.6439521
